AAPL,AMZN,BABA,BBY,GE,GM,GOOG,MA,PFE,RRC,SBUX,T,WMT,XOM
0.011811770156282106,0.003217358648261298,0.058393909824096535,0.0,0.0,0.01976195257271051,0.09937925763780266,0.001850393215347448,0.16571556105128396,0.0,0.023947918119827164,0.20792881839391972,0.21390878950254774,0.19408427087792088
0.0012809001789772893,0.996470810541029,0.0,0.0,0.0,0.0,0.0,0.0022482892799937566,0.0,0.0,0.0,0.0,0.0,0.0
0.002644055901849149,0.21363249343732976,0.0,0.0,0.0,0.0,0.04217806272998112,0.7397523362074178,0.0,0.0,0.0,0.0017930517234222398,0.0,0.0
0.0,0.6905108358010094,0.0,0.0,0.0,0.0,0.0,0.30948916419899064,0.0,0.0,0.0,0.0,0.0,0.0
0.0,0.4787594780446383,0.0,0.0,0.0,0.0,0.0,0.5212405219553616,0.0,0.0,0.0,0.0,0.0,0.0
0.0,0.20436118239447226,0.0,0.0,0.0,0.0,0.0,0.7956388176055278,0.0,0.0,0.0,0.0,0.0,0.0
0.0,0.21285339186157168,0.0015433117508279806,0.0,0.0,0.0,0.09967938588865051,0.6859239104989497,0.0,0.0,0.0,0.0,0.0,0.0
0.012688767616623742,0.002781279503511109,0.05688441201091153,0.0037192960601252446,0.0,0.003068609247894932,0.13649442564518194,0.02653527696881401,0.1446244474987254,0.0,0.03181701195335731,0.1745479942891792,0.23545034977049026,0.1713881294351854
0.03646690480999309,0.05939110468215786,0.0,0.0,0.0,0.0,0.21836311935678032,0.33120605857581,0.03719312975238126,0.0,0.020035672661542193,0.0012898812673736598,0.28673540319741686,0.009318725696544742
0.02041386125736139,0.057854261144117326,0.0,0.0030770868403692765,0.0,0.0,0.1854258835151045,0.2057552510870086,0.08895339364545073,0.0,0.01963003501285083,0.08153221759856692,0.2377242225075699,0.09963378739160075
0.03331134354258013,0.061121771174970786,0.0,0.007118506007714025,0.001284098480473179,0.0,0.2114501629214606,0.23924593703016106,0.10712899731380189,0.0,0.02319112578417109,0.07512745345318217,0.23653096954535666,0.004489634746128509
0.03631612973190044,0.08436828247308877,0.0,0.0,0.0,0.0,0.21746028111083873,0.3298366629660997,0.037039352044288286,0.0,0.019835353040560215,0.001284548159180578,0.2738593904740431,0.0
0.0,0.30134095551864293,0.0,0.0,0.0,0.0,0.0,0.6952024567564072,0.0,0.0,0.0034565877249498594,0.0,0.0,0.0
0.0,0.8716697785105474,0.0,0.0,0.0,0.0,0.0,0.12833022148945258,0.0,0.0,0.0,0.0,0.0,0.0
0.0012794940757953678,0.4448331150786248,0.0,0.0,0.0,0.0,0.0,0.5538873908455798,0.0,0.0,0.0,0.0,0.0,0.0
0.0,0.5753226021965848,0.0,0.0,0.0,0.0,0.0,0.4246773978034152,0.0,0.0,0.0,0.0,0.0,0.0
0.0,0.9888002251902936,0.0,0.0,0.0,0.001319703916559011,0.0,0.00988007089314732,0.0,0.0,0.0,0.0,0.0,0.0
0.0,0.902539679900696,0.0,0.0,0.0,0.0,0.0,0.09746032009930414,0.0,0.0,0.0,0.0,0.0,0.0
0.0,0.9564641751296842,0.0,0.0,0.0,0.0,0.0,0.043535824870315834,0.0,0.0,0.0,0.0,0.0,0.0
0.004687964833074965,0.390451776178262,0.0,0.0,0.0,0.0,0.0,0.604860258988663,0.0,0.0,0.0,0.0,0.0,0.0
0.010172359298641718,0.007252450767905017,0.05646860789690029,0.022665405214098933,0.0,0.002423256024589416,0.09196457647514629,0.004061436673875734,0.1468631203955123,0.0,0.03958138863424031,0.17732688850809455,0.23406396744806973,0.20715654266292569
0.006836013057470443,0.15203615476289123,0.0,0.0,0.0,0.0,0.14806330936832487,0.5346980331873463,0.0,0.0,0.002250204178182815,0.001853537362995945,0.15426274808278836,0.0
0.0,0.7256818202480806,0.0,0.0,0.0,0.0,0.0,0.2743181797519193,0.0,0.0,0.0,0.0,0.0,0.0
0.0034305177556296844,0.530465683995785,0.0,0.0,0.0,0.0,0.0,0.4611315429464955,0.0,0.0,0.0038366178880209515,0.0,0.0011356374140689253,0.0
0.0018052366826922515,0.08752220667105134,0.0,0.0,0.0,0.0,0.17403888341024135,0.4500546256482009,0.0,0.0,0.04273589918913332,0.0,0.2438431483986807,0.0
0.02917254793306076,0.003011441724634034,0.008785212194253144,0.00402708297658995,0.0,0.0033225491771117673,0.10866502569005443,0.028731179350269802,0.15659271031551913,0.0,0.03444999944398336,0.18899255263271592,0.26030779483441774,0.17394190372738993
0.0,0.5445969474497365,0.0,0.0,0.0,0.0,0.0,0.45540305255026353,0.0,0.0,0.0,0.0,0.0,0.0
0.02814375837427716,0.1622543645614017,0.0,0.0,0.0,0.0,0.16109650284678376,0.5807461022728538,0.0,0.0,0.022842700780878463,0.0,0.04491657116380501,0.0
0.022736163094850634,0.018962569280085276,0.01746068378082619,0.03108219518960274,0.0016217796430549407,0.00373292058233809,0.15270481100444558,0.03210756296553619,0.1029451042514906,0.003121908884813601,0.03545100714938908,0.16247426729233763,0.2486177109344356,0.1669813159467938
0.011035546084649277,0.05451221125374428,0.0,0.0,0.001801459423364099,0.0,0.2071699687125121,0.31390536142750763,0.0401539880910061,0.0,0.027445573745853206,0.01828882242899461,0.2693183670156725,0.05636870181669637
0.0,0.594488558745465,0.0,0.0,0.0,0.0,0.0,0.40551144125453503,0.0,0.0,0.0,0.0,0.0,0.0
0.007596108593513015,0.17705313297529202,0.0,0.0,0.0,0.0,0.17839792717860936,0.6258855585579614,0.0,0.009398964259649974,0.0,0.0,0.0016683084349743335,0.0
0.02617363005889656,0.013748342449745033,0.0026740816026459718,0.0,0.0,0.0,0.137943522910274,0.08376732240898298,0.1525083121886011,0.0,0.030738159856770562,0.15051439024006005,0.22875512624780373,0.17317711203621994
0.0,0.6655460338050612,0.0,0.0,0.0,0.0,0.0,0.33445396619493883,0.0,0.0,0.0,0.0,0.0,0.0
0.03063525976671572,0.07257164612706568,0.0,0.0,0.0,0.0,0.18705430648658605,0.41400472437542146,0.03583305823406826,0.0,0.017061912124667337,0.0,0.2428390928854755,0.0
0.0,0.4152739469541465,0.0,0.0,0.0,0.0,0.0,0.5847260530458535,0.0,0.0,0.0,0.0,0.0,0.0
0.0,0.7458213988000789,0.0,0.0,0.0,0.0,0.0,0.2541786011999211,0.0,0.0,0.0,0.0,0.0,0.0
0.0018947889506149812,0.12491707151485829,0.0,0.0,0.0,0.0,0.28208879020932376,0.5910993493252031,0.0,0.0,0.0,0.0,0.0,0.0
0.018527349656334447,0.024732442962473428,0.0,0.010865225031637251,0.0,0.0,0.11190759888755188,0.15227674513019646,0.13551844227402432,0.0,0.029050037008486455,0.113087261679858,0.27865165252252316,0.12538324484691457
0.0,0.631170454636915,0.0,0.0,0.0,0.0,0.0,0.368829545363085,0.0,0.0,0.0,0.0,0.0,0.0
0.0,0.06171867915439217,0.0,0.0,0.02947984230064205,0.0011788477036067595,0.19877726342523697,0.3455565892411703,0.08134877092831513,0.0,0.019354461322739363,0.0535585801404731,0.20786619222188407,0.001160773561540083
0.0,0.8415077024835119,0.0,0.0,0.0,0.0,0.0,0.15849229751648802,0.0,0.0,0.0,0.0,0.0,0.0
0.001776943482718203,0.10744258736309342,0.0,0.0,0.0,0.0,0.2645444164890398,0.4926514819261509,0.0,0.0,0.038597572692963336,0.0,0.09498699804603432,0.0
0.006807410169095392,0.6200795926074587,0.0,0.0,0.0,0.0,0.0,0.3731129972234458,0.0,0.0,0.0,0.0,0.0,0.0
0.0046690785730724325,0.11855136998001783,0.0,0.0,0.0,0.0,0.13701816908304376,0.730976932955125,0.0026442453025137935,0.0,0.0,0.0018189407759102592,0.0,0.004321263330316873
0.019833475922992363,0.026565631754120286,0.0,0.0,0.0,0.00670466386856939,0.1516265247047122,0.11244895340168441,0.14471173647706095,0.0,0.029530429789530292,0.1220751503800338,0.280919700582914,0.1055837331183824
0.0008327009402367287,0.6539344220388377,0.0,0.0,0.0,0.0,0.0012300143714026124,0.34400286264952307,0.0,0.0,0.0,0.0,0.0,0.0
0.027609102234383752,0.16281451114702636,0.0,0.021596335714393233,0.0,0.0,0.2117583263955571,0.5272060446696488,0.0,0.0,0.0,0.0,0.045089565983498246,0.003926113855492492
0.008854040519971603,0.05621368478908407,0.0,0.007976385221414148,0.0,0.0,0.19951047711041106,0.2475036185721362,0.07836861520896439,0.0,0.05040609696439464,0.16681678073999642,0.18435030087362736,0.0
0.0,0.8248598984543803,0.0,0.0,0.0,0.0,0.0,0.17514010154561963,0.0,0.0,0.0,0.0,0.0,0.0
0.007639393772879962,0.07811184834020285,0.0,0.0,0.0,0.0,0.16574400263880437,0.5777834646837811,0.0,0.0,0.0024866577679852854,0.0,0.1682346327963465,0.0
0.0,0.8138240844973208,0.0,0.0,0.0,0.0,0.0,0.1861759155026792,0.0,0.0,0.0,0.0,0.0,0.0
0.0320856426369703,0.023546224028316652,0.0,0.0,0.0,0.0,0.13439289350905442,0.1792526540972204,0.1345599460597134,0.0,0.028906871928766113,0.10861583483387174,0.26528694501029626,0.09335298789579079
0.004230092554343119,0.07296615286542109,0.0,0.0,0.0,0.0011440801994810773,0.14167146800998487,0.33456829569936003,0.05249105409722246,0.0,0.03435408474919223,0.15341206379851893,0.20312368436699763,0.002039023659478559
0.0,0.9517502790741648,0.0,0.0,0.0,0.0,0.0,0.048249720925835175,0.0,0.0,0.0,0.0,0.0,0.0
0.0,0.7915788539848143,0.0,0.0,0.0,0.0,0.0,0.20842114601518563,0.0,0.0,0.0,0.0,0.0,0.0
0.010408266885170596,0.007420642640296355,0.057778173614401254,0.0,0.0,0.002479453850828093,0.09409733060282434,0.004155625612296522,0.15026902882495913,0.0,0.040499322182400765,0.18143928338783558,0.23949215416788225,0.21196071823110513
0.021945834072687808,0.031148741155697303,0.0,0.009875171625493749,0.0,0.0029833567830826187,0.2090208884202793,0.22569214154105166,0.09790149067352381,0.0,0.02349104129384474,0.09121194140513028,0.28672939302920875,0.0
0.02976530347803663,0.06914964645933354,0.0,0.0,0.0,0.0,0.16783808838881062,0.2708664889061054,0.030358068504740515,0.0,0.05912958236406159,0.13798085819955508,0.2349119636993567,0.0
0.020733860699835495,0.02914131796535955,0.0,0.009174539683811706,0.0,0.0,0.18919107582383474,0.20967954658603696,0.0906499695552365,0.0,0.02182437923489378,0.08581299322399139,0.24225825063792356,0.10153406658907635
0.0013298633732113443,0.2522565421333241,0.0,0.0,0.0,0.0,0.16417891521811578,0.5822346792753489,0.0,0.0,0.0,0.0,0.0,0.0
0.019921330838734264,0.004147808749781981,0.0,0.027947365315277937,0.0,0.0012764365655992599,0.17312240294711775,0.1630471445819785,0.08453807789055912,0.0,0.01952963786395497,0.17609233410647765,0.22890345900837242,0.10147400213214604
0.0,0.7673022114610643,0.0,0.0,0.0,0.0,0.0,0.23269778853893566,0.0,0.0,0.0,0.0,0.0,0.0
0.007505722143592444,0.15114036765640965,0.0,0.0,0.0,0.0,0.24859904114297074,0.4992701163318679,0.0,0.0,0.0,0.0,0.0899632317224058,0.003521521002753424
0.02618209905164249,0.10841284217829378,0.0,0.0,0.0,0.0,0.20788476708954234,0.3523474098314053,0.0,0.0,0.06963963151955721,0.007940159149230375,0.22287553819135103,0.004717552988977513
0.023900079782150526,0.011197945802822153,0.0,0.00835689807545246,0.0,0.005962272587230676,0.1406909325219875,0.09037097783706148,0.1495907783330137,0.0,0.0559441401335701,0.16068831806903167,0.2534726953917177,0.09982496146596213
0.0,0.7713672510418336,0.0,0.0,0.0,0.0,0.0,0.22863274895816635,0.0,0.0,0.0,0.0,0.0,0.0
0.00875715673009924,0.09244305087149253,0.0,0.0,0.0,0.0,0.19615310088236473,0.683789557582133,0.0,0.009466376231135724,0.0029428855600072057,0.0,0.006447872142767463,0.0
0.023789492708480603,0.011146132249531284,0.0,0.008318230216953833,0.0,0.0,0.12517590367103115,0.08887360021905454,0.14889861301077872,0.0,0.055366953773503265,0.1599448037782774,0.252299862334502,0.12618640803788717
0.0,0.9228197218464919,0.0,0.0,0.0,0.0,0.0,0.07718027815350818,0.0,0.0,0.0,0.0,0.0,0.0
0.01202288985816449,0.01706511502795048,0.02561126990315002,0.0,0.0,0.00334206336725959,0.13880983826629797,0.025917861407869034,0.14795044643756225,0.0021277372057399314,0.03570931830266227,0.14702998710954426,0.2849954616320652,0.15941801148173448
0.0,0.9316951167353269,0.0,0.0,0.0,0.0,0.0,0.06830488326467309,0.0,0.0,0.0,0.0,0.0,0.0
0.0,0.798272612755026,0.0,0.0,0.0,0.0,0.0,0.2017273872449741,0.0,0.0,0.0,0.0,0.0,0.0
0.0,0.35163289229876094,0.0,0.0,0.0,0.0,0.0,0.6434473736019797,0.0,0.0,0.0,0.0,0.00491973409925928,0.0
0.0,0.8552570659732226,0.0,0.0,0.0,0.0,0.0,0.14474293402677746,0.0,0.0,0.0,0.0,0.0,0.0
0.01834807566545659,0.024493127364922453,0.0,0.01076009114636286,0.0,0.006129271318776585,0.13979745770273544,0.15188251355686266,0.1342071412819956,0.0,0.029087273118719455,0.1119930088539086,0.27595536866438686,0.09734667132587295
0.0,0.9091125336948406,0.0,0.0,0.0,0.0,0.0,0.09088746630515945,0.0,0.0,0.0,0.0,0.0,0.0
0.007805487559712758,0.10637085549855226,0.0,0.0,0.0,0.0,0.22053431809734017,0.5693672368656415,0.0,0.0,0.0,0.0,0.092308767323641,0.0036133346551124514
0.007546793269041508,0.0977470639258209,0.0,0.0,0.0,0.0,0.1609709377946323,0.47941988068474134,0.002005096600865412,0.0,0.0,0.0,0.2523102277248985,0.0
0.0017824459776309815,0.11307062901751434,0.0,0.0,0.0,0.0,0.26536360647459195,0.5535562425883503,0.0,0.0,0.007614106992015553,0.0,0.058612968949896795,0.0
0.001708106903875043,0.11232060992627918,0.0,0.0,0.0,0.0,0.2702991058383711,0.5498843982409615,0.0,0.0,0.007563601165203232,0.0,0.05822417792530997,0.0
0.03016861950578277,0.022139406137052224,0.0,0.0,0.0,0.0,0.17324651452448703,0.16854283325557134,0.1259746845816944,0.0,0.02717977103305681,0.10212635696535437,0.2494287624153832,0.10119305158161805
0.03514223872608688,0.03065949800246613,0.0,0.0011315684667917011,0.0,0.0,0.14719565383873268,0.19632891987991088,0.14737862042853986,0.0,0.03166064665242561,0.11837373529065627,0.29055915313736164,0.0015699655770283858
0.022576991676113888,0.030205093567152938,0.0,0.03218646683452956,0.0017072687310693063,0.0,0.14298248406539005,0.1800936752992735,0.09706307541492575,0.0,0.021837595872801718,0.11214969520194516,0.25942713896063985,0.09977051437615825
0.01095417448801361,0.0712758011974957,0.0,0.0,0.0,0.0011360830363309263,0.14068117917891243,0.33222965086765216,0.048207260056189326,0.0,0.02314715753488877,0.1660266281390869,0.20431729469317594,0.002024770808254262
0.0016557237370628552,0.08659718961070415,0.0,0.0,0.0,0.0,0.1752357003357585,0.5010170204829417,0.035992631758009014,0.0,0.021949194147898584,0.0,0.17755253992762504,0.0
0.011233946676474349,0.009891557170205675,0.0,0.007635075437302592,0.0,0.0,0.21127261609415043,0.09002134195489352,0.15780498173035526,0.007625009017058981,0.023344701960491043,0.16708349844715228,0.2058096778577022,0.1082775936542136
0.001947241681639441,0.1911838005224268,0.0,0.0,0.0,0.0,0.13659529238212464,0.6620185010524489,0.0,0.0,0.0,0.0,0.008255164361360227,0.0
0.04266274199392831,0.08897900982730572,0.0,0.0,0.0,0.0,0.22418651777358228,0.34847485570359665,0.039132347334943404,0.0,0.020956196095609725,0.0,0.23560833127103384,0.0
0.036208122853411524,0.08411736490834108,0.0,0.0,0.0,0.0,0.21681353801537412,0.32513536175558305,0.03536949995837191,0.0,0.0728941860021958,0.0012807278171461703,0.2281811986895764,0.0
0.021849067047014007,0.03058081738114121,0.0,0.009668008075248768,0.0,0.0,0.15021983785284562,0.22095752151851616,0.09552573402973887,0.0,0.022998240996498918,0.09042859260990513,0.2552885271830881,0.10248365330600336
0.0016990594560262683,0.0888637219965042,0.0,0.0,0.0,0.0,0.15364891438757322,0.5141302786367753,0.03693467694326777,0.0,0.022523676525468446,0.0,0.18219967205438492,0.0
0.009134405897125717,0.07698035400890545,0.0,0.0,0.0,0.0,0.16219871995683402,0.5694139441961882,0.0,0.016474917014529744,0.0,0.0,0.16579765892641704,0.0
0.004462210460812401,0.01116598218841832,0.0,0.008034033538687825,0.0,0.0,0.21267646609009697,0.09061950968185611,0.16282436406521542,0.0077564077499879544,0.03461719438418883,0.1543188715537988,0.20452789099871718,0.1089970692882202
0.010275455329441848,0.0658380328207596,0.0,0.0,0.0,0.0,0.24236304703368297,0.30066456668242386,0.008103599803325498,0.0,0.06162869670906287,0.08717996338745068,0.2239466382338526,0.0
0.0,0.35162832056822824,0.0,0.0,0.0,0.0,0.0,0.6434390078658142,0.0,0.0,0.0,0.0,0.004932671565957524,0.0
0.001928045274089675,0.0930901915837361,0.0,0.0,0.0,0.0,0.17332902764848343,0.4268421113271717,0.0,0.0,0.045454670241255525,0.0,0.2593559539252635,0.0
0.037300541078859266,0.030308444298910314,0.0,0.0,0.0,0.0,0.2240147695785162,0.33942291330224783,0.03811585002299164,0.0,0.02239783400830725,0.005040744452040708,0.29384899031937606,0.009549912938750654
0.031150356157992373,0.02874407899936083,0.009665694369847901,0.004300106706017276,0.0017017890994239818,0.0,0.11603217723490221,0.026031337779379566,0.16784551017463506,0.0,0.036489979629454446,0.11434848923892012,0.2779558555666743,0.1857346250433919
0.0017909031117051167,0.093667302622503,0.0,0.0,0.0,0.0,0.15909925759872254,0.5316343784335326,0.0,0.0,0.023741207073966743,0.0,0.19006695115956984,0.0
